{"W": 1200, "H": 800, "page_idx": 0, "H0": [[-0.043926508959487805, 0.10951263293586591, -2.688828656722935], [0.9896773082324024, -0.6571457326663153, -145.78342621186582], [2.5944703218226588e-05, -0.001597592911034142, 1.0]], "curr_quad": [[219.10586547851562, 114.07553100585938], [760.0549926757812, 329.20989990234375], [579.2340087890625, 612.488525390625], [552.325927734375, 611.550537109375]]}